{
    "type": "message",
    "id": null,
    "timestamp": null,
    "localTimestamp": null,
    "localTimezone": null,
    "serviceUrl": null,
    "channelId": null,
    "from": null,
    "conversation": null,
    "recipient": null,
    "textFormat": null,
    "attachmentLayout": null,
    "membersAdded": null,
    "membersRemoved": null,
    "reactionsAdded": null,
    "reactionsRemoved": null,
    "topicName": null,
    "historyDisclosed": null,
    "locale": null,
    "text": "Example of sending custom activity",
    "speak": null,
    "inputHint": null,
    "summary": null,
    "suggestedActions": null,
    "attachments": [],
    "entities": [],
    "channelData": null,
    "action": null,
    "replyToId": null,
    "label": null,
    "valueType": null,
    "value": null,
    "name": null,
    "relatesTo": null,
    "code": null,
    "expiration": null,
    "importance": null,
    "deliveryMode": null,
    "listenFor": null,
    "textHighlights": null,
    "semanticAction": null
}
